no,teamA, teamB, scoreA, scoreB,
1,England  7s, South Africa 7s, 12, 13, 
2,Ireland  7s, Australia 7s, 19, 21, 
3,Scotland  7s, France 7s, 7, 26, 
4,USA  7s, South Africa 7s, 7, 19, 
5,Argentina  7s, Ireland 7s, 19, 5, 
6,New Zealand  7s, Scotland 7s, 33, 7, 
7,Samoa  7s, United Arab Emirates 7s, 54, 12, 
8,Russia  7s, Japan 7s, , , 
9,Kenya  7s, Canada 7s, 12, 21, 
10,Fiji  7s, Russia 7s, 54, 0, 
11,Samoa  7s, Scotland 7s, , , 
12,England  7s, Papua New Guinea 7s, 22, 7, 
13,England  7s, Kenya 7s, 21, 26, 
14,Canada  7s, Scotland 7s, 19, 26, 
15,South Africa  7s, France 7s, 36, 7, 
16,Japan  7s, Ireland 7s, 0, 33, 
17,Fiji  7s, Wales 7s, 12, 5, 
18,USA  7s, China 7s, 7, 17, 
19,South Africa  7s, New Zealand 7s, 33, 26, 
20,Fiji  7s, Australia 7s, 34, 7, 
21,New Zealand  7s, Tunisia 7s, 47, 0, 
22,Fiji  7s, USA 7s, 19, 24, 
23,Australia  7s, France 7s, 17, 21, 
24,Argentina  7s, Tonga 7s, 12, 14, 
25,Fiji  7s, Samoa 7s, 22, 12, 
26,Argentina  7s, France 7s, 10, 7, 
27,Wales  7s, Uruguay 7s, 28, 7, 
28,France  7s, Kenya 7s, 27, 5, 
29,Fiji  7s, Russia 7s, 24, 5, 
30,Australia  7s, Wales 7s, 14, 12, 
31,South Africa  7s, Japan 7s, 35, 5, 
32,Fiji  7s, South Africa 7s, 21, 19, 
33,Russia  7s, Canada 7s, 17, 22, 
34,South Africa  7s, France 7s, 5, 31, 
35,England  7s, France 7s, 14, 24, 
36,South Africa  7s, Australia 7s, 19, 12, 
37,Australia  7s, Mexico 7s, 53, 0, 
38,Australia  7s, Spain 7s, 45, 0, 
39,Tonga  7s, Papua New Guinea 7s, 19, 12, 
40,England  7s, New Zealand 7s, 5, 12, 
41,Fiji  7s, Samoa 7s, 5, 12, 
42,England  7s, Kenya 7s, 24, 7, 
43,Fiji  7s, France 7s, 31, 7, 
44,South Africa  7s, Spain 7s, 33, 0, 
45,USA  7s, Spain 7s, 22, 0, 
46,Argentina  7s, Russia 7s, 33, 5, 
47,South Africa  7s, England 7s, 12, 17, 
48,Kenya  7s, Russia 7s, 0, 22, 
49,Russia  7s, Spain 7s, 24, 5, 
50,England  7s, Kenya 7s, 12, 12, 
51,Scotland  7s, Russia 7s, 24, 5, 
52,Fiji  7s, Canada 7s, 60, 0, 
53,China  7s, Fiji 7s, 15, 10, 
54,Scotland  7s, Guyana 7s, 31, 7, 
55,Samoa  7s, France 7s, 12, 35, 
56,Fiji  7s, Canada 7s, 26, 19, 
57,Argentina  7s, Portugal 7s, 19, 12, 
58,Winner M27 Winner M28, , , 
59,New Zealand  7s, Australia 7s, 17, 5, 
60,Australia  7s, Canada 7s, 7, 12, 
61,Canada  7s, France 7s, 12, 19, 
62,Russia  7s, South Africa 7s, 19, 14, 
63,New Zealand  7s, China 7s, 50, 0, 
64,New Zealand  7s, Kenya 7s, 38, 0, 
65,New Zealand  7s, Guyana 7s, 49, 0, 
66,New Zealand  7s, Russia 7s, 24, 10, 
67,New Zealand  7s, Argentina 7s, 26, 19, 
68,France  7s, Papua New Guinea 7s, 17, 0, 
69,Australia  7s, Spain 7s, 31, 7, 
70,Kenya  7s, Tonga 7s, 24, 7, 
71,France  7s, Kenya 7s, 19, 21, 
72,Fiji  7s, Samoa 7s, 45, 5, 
73,New Zealand  7s, Scotland 7s, 42, 0, 
74,Scotland  7s, France 7s, 31, 12, 
75,New Zealand  7s, France 7s, 24, 5, 
76,Winner M37 Winner M38, , , 
77,Netherlands  7s, South Africa 7s, 32, 0, 
78,England  7s, New Zealand 7s, 12, 5, 
79,Samoa  7s, Niue Island 7s, 40, 0, 
80,New Zealand  7s, Wales 7s, 36, 14, 
81,Samoa  7s, Papua New Guinea 7s, 26, 0, 
82,Australia  7s, France 7s, 19, 7, 
83,Argentina  7s, Scotland 7s, 12, 5, 
84,Russia  7s, Spain 7s, 19, 14, 
85,Australia  7s, Brazil 7s, 24, 7, 
86,Fiji  7s, USA 7s, 14, 24, 
87,Australia  7s, Kenya 7s, 22, 17, 
88,Ireland  7s, Fiji 7s, 7, 36, 
89,South Africa  7s, New Zealand 7s, 5, 26, 
90,Australia  7s, Russia 7s, 22, 12, 
91,England  7s, South Africa 7s, 14, 29, 
92,Kenya  7s, Hong Kong 7s, 17, 0, 
93,Argentina  7s, USA 7s, 29, 12, 
94,Netherlands  7s, Tunisia 7s, 47, 0, 
95,Loser M21 Loser M22, , , 
96,Winner M21 Winner M22, , , 
97,Samoa  7s, Chile 7s, 29, 12, 
98,Samoa  7s, Australia 7s, 14, 45, 
99,1st Pool D 2nd Pool A, , , 
100,South Africa  7s, Kenya 7s, 45, 7, 
101,France  7s, England 7s, 0, 19, 
102,New Zealand  7s, Kenya 7s, 21, 7, 
103,Tunisia  7s, Fiji 7s, 0, 19, 
104,Fiji  7s, South Africa 7s, 29, 17, 
105,Zimbabwe  7s, United Arab Emirates 7s, 24, 14, 
106,USA  7s, England 7s, 10, 12, 
107,Japan  7s, Wales 7s, 19, 17, 
108,Fiji  7s, Japan 7s, 29, 5, 
109,Spain  7s, Mexico 7s, 46, 0, 
110,Kenya  7s, Argentina 7s, 7, 12, 
111,France  7s, Portugal 7s, , , 
112,Scotland  7s, Zimbabwe 7s, 17, 28, 
113,Samoa  7s, Canada 7s, 35, 14, 
114,Argentina  7s, Wales 7s, 15, 21, 
115,Scotland  7s, Japan 7s, 31, 14, 
116,New Zealand  7s, Argentina 7s, 28, 14, 
117,Portugal  7s, Australia 7s, 12, 17, 
118,New Zealand  7s, France 7s, , , 
119,South Africa  7s, Russia 7s, 34, 5, 
120,Argentina  7s, Samoa 7s, 14, 14, 
121,Spain  7s, Japan 7s, 24, 0, 
122,Portugal  7s, Zimbabwe 7s, 14, 12, 
123,England  7s, USA 7s, 19, 0, 
124,South Africa  7s, Kenya 7s, 17, 0, 
125,Samoa  7s, France 7s, 21, 10, 
126,Winner M35 Winner M36, , , 
127,Russia  7s, Fiji 7s, 7, 12, 
128,South Africa  7s, Kenya 7s, 21, 12, 
129,Australia  7s, France 7s, 38, 0, 
130,Australia  7s, Samoa 7s, 20, 21, 
131,France  7s, Ireland 7s, 15, 19, 
132,USA  7s, Samoa 7s, 24, 19, 
133,Argentina  7s, Portugal 7s, , , 
134,New Zealand  7s, South Africa 7s, 20, 7, 
135,Kenya  7s, Portugal 7s, 10, 7, 
136,Canada  7s, Russia 7s, 28, 15, 
137,Scotland  7s, France 7s, 28, 22, 
138,Canada  7s, Australia 7s, 5, 31, 
139,Kenya  7s, Scotland 7s, 17, 14, 
140,New Zealand  7s, USA 7s, 24, 12, 
141,Scotland  7s, Hong Kong 7s, 38, 0, 
142,Wales  7s, France 7s, 12, 29, 
143,Samoa  7s, Russia 7s, 19, 19, 
144,Samoa  7s, South Korea 7s, 31, 5, 
145,Scotland  7s, Brazil 7s, 33, 5, 
146,South Africa  7s, Samoa 7s, , , 
147,New Zealand  7s, Australia 7s, 26, 14, 
148,New Zealand  7s, USA 7s, 31, 7, 
149,England  7s, Japan 7s, 19, 7, 
150,South Africa  7s, Kenya 7s, 14, 7, 
151,Samoa  7s, China 7s, 38, 10, 
152,3rd Pool D 4th Pool A, , , 
153,New Zealand  7s, Russia 7s, 17, 5, 
154,Australia  7s, Scotland 7s, 41, 14, 
155,Kenya  7s, Zambia 7s, 33, 14, 
156,Scotland  7s, Kenya 7s, 28, 12, 
157,USA  7s, Wales 7s, 38, 14, 
158,Ireland  7s, Australia 7s, 15, 14, 
159,Argentina  7s, Wales 7s, 21, 5, 
160,Japan  7s, Samoa 7s, 14, 26, 
161,Spain  7s, Fiji 7s, 14, 31, 
162,Australia  7s, Tunisia 7s, 12, 21, 
163,3rd Pool A 4th Pool D, , , 
164,Australia  7s, Japan 7s, 28, 19, 
165,Canada  7s, USA 7s, 35, 7, 
166,Canada  7s, Thailand 7s, 19, 7, 
167,New Zealand  7s, Australia 7s, 29, 14, 
168,Argentina  7s, Canada 7s, 24, 19, 
169,USA  7s, Cook Islands 7s, 43, 26, 
170,New Zealand  7s, Kenya 7s, 24, 21, 
171,Kenya  7s, Wales 7s, 12, 17, 
172,Portugal  7s, Ireland 7s, 17, 29, 
173,Canada  7s, Spain 7s, 33, 7, 
174,Hong Kong  7s, Scotland 7s, 15, 26, 
175,Australia  7s, Kenya 7s, 21, 29, 
176,Samoa  7s, Canada 7s, 14, 7, 
177,England  7s, Australia 7s, 24, 12, 
178,USA  7s, Fiji 7s, 15, 0, 
179,3rd Best 3rd 3rd Best 4th, , , 
180,France  7s, Fiji 7s, 14, 21, 
181,Canada  7s, Russia 7s, 21, 17, 
182,Kenya  7s, Canada 7s, 21, 36, 
183,Australia  7s, Ireland 7s, 50, 0, 
184,Portugal  7s, France 7s, 17, 12, 
185,New Zealand  7s, Australia 7s, 12, 7, 
186,South Africa  7s, England 7s, 10, 7, 
187,Canada  7s, Argentina 7s, 14, 15, 
188,South Africa  7s, Argentina 7s, 42, 7, 
189,France  7s, Argentina 7s, 15, 17, 
190,Wales  7s, Japan 7s, 35, 0, 
191,Japan  7s, Argentina 7s, 7, 10, 
192,New Zealand  7s, Scotland 7s, 22, 21, 
193,Samoa  7s, Russia 7s, 26, 12, 
194,Russia  7s, USA 7s, 19, 10, 
195,Australia  7s, Fiji 7s, 26, 17, 
196,France  7s, Canada 7s, , , 
197,Russia  7s, Japan 7s, 24, 21, 
198,Russia  7s, Spain 7s, 5, 17, 
199,Brazil  7s, USA 7s, 0, 31, 
200,Kenya  7s, Chile 7s, 33, 7, 
201,Kenya  7s, Scotland 7s, 15, 10, 
202,USA  7s, Wales 7s, 40, 14, 
203,Scotland  7s, United Arab Emirates 7s, 43, 12, 
204,Australia  7s, Scotland 7s, 31, 12, 
205,USA  7s, Japan 7s, 14, 15, 
206,Canada  7s, China 7s, 47, 0, 
207,Argentina  7s, Fiji 7s, 21, 38, 
208,Canada  7s, Spain 7s, 22, 12, 
209,Tonga  7s, Kenya 7s, 38, 12, 
210,New Zealand  7s, China 7s, 45, 0, 
211,Kenya  7s, Zimbabwe 7s, 36, 14, 
212,Kenya  7s, Argentina 7s, 0, 43, 
213,Australia  7s, Russia 7s, 19, 12, 
214,Australia  7s, Canada 7s, 40, 7, 
215,England  7s, New Zealand 7s, 19, 14, 
216,England  7s, Scotland 7s, 21, 5, 
217,Japan  7s, Spain 7s, 26, 19, 
218,Samoa  7s, England 7s, 21, 29, 
219,Canada  7s, Hong Kong 7s, 34, 0, 
220,England  7s, China 7s, 24, 5, 
221,Australia  7s, Ireland 7s, 26, 22, 
222,Canada  7s, Argentina 7s, 17, 17, 
223,Samoa  7s, South Africa 7s, 5, 28, 
224,New Zealand  7s, USA 7s, 12, 19, 
225,Russia  7s, England 7s, 26, 5, 
226,Spain  7s, Papua New Guinea 7s, 17, 21, 
227,1st Pool C 2nd Pool A, , , 
228,England  7s, USA 7s, 28, 5, 
229,Canada  7s, Spain 7s, 24, 0, 
230,Portugal  7s, Spain 7s, 17, 10, 
231,Portugal  7s, Uganda 7s, 31, 5, 
232,Fiji  7s, Samoa 7s, 31, 14, 
233,Japan  7s, Spain 7s, 10, 15, 
234,England  7s, Japan 7s, 35, 0, 
235,USA  7s, France 7s, 5, 33, 
236,Wales  7s, Spain 7s, 38, 0, 
237,England  7s, Argentina 7s, 19, 21, 
238,Kenya  7s, France 7s, 26, 0, 
239,Australia  7s, Canada 7s, 10, 20, 
240,Canada  7s, Papua New Guinea 7s, 39, 5, 
241,New Zealand  7s, Papua New Guinea 7s, 34, 5, 
242,Canada  7s, Zambia 7s, 27, 12, 
243,Samoa  7s, Australia 7s, 19, 15, 
244,Australia  7s, Spain 7s, 12, 5, 
245,Argentina  7s, Canada 7s, , , 
246,Fiji  7s, Wales 7s, 15, 28, 
247,France  7s, Cook Islands 7s, 21, 12, 
248,USA  7s, Australia 7s, 19, 26, 
249,New Zealand  7s, Australia 7s, 31, 5, 
250,Australia  7s, Kenya 7s, 47, 7, 
251,France  7s, Wales 7s, 12, 14, 
252,Winner M25 Winner M26, , , 
253,Fiji  7s, USA 7s, 36, 5, 
254,Ireland  7s, Russia 7s, 14, 19, 
255,Argentina  7s, Russia 7s, 31, 7, 
256,Scotland  7s, Georgia 7s, 14, 20, 
257,South Africa  7s, Canada 7s, 41, 0, 
258,Canada  7s, Australia 7s, 5, 27, 
259,Scotland  7s, Chile 7s, 17, 5, 
260,Fiji  7s, Samoa 7s, 17, 19, 
261,England  7s, Spain 7s, 31, 7, 
262,South Africa  7s, France 7s, 10, 7, 
263,France  7s, Kenya 7s, 31, 7, 
264,Samoa  7s, Canada 7s, 17, 12, 
265,Wales  7s, Fiji 7s, 0, 32, 
266,Argentina  7s, Zimbabwe 7s, 21, 0, 
267,New Zealand  7s, Wales 7s, 35, 7, 
268,Fiji  7s, England 7s, 14, 7, 
269,Argentina  7s, Cook Islands 7s, 40, 7, 
270,Fiji  7s, Samoa 7s, 31, 5, 
271,England  7s, Japan 7s, 19, 12, 
272,Samoa  7s, Canada 7s, 22, 7, 
273,Australia  7s, New Zealand 7s, 15, 12, 
274,South Africa  7s, Japan 7s, 32, 0, 
275,England  7s, France 7s, 24, 7, 
276,Australia  7s, Zambia 7s, 12, 10, 
277,Australia  7s, South Africa 7s, 38, 5, 
278,Spain  7s, Australia 7s, 15, 5, 
279,South Africa  7s, Samoa 7s, 21, 12, 
280,Ireland  7s, Fiji 7s, , , 
281,New Zealand  7s, Brazil 7s, 36, 5, 
282,South Africa  7s, Uganda 7s, 57, 0, 
283,New Zealand  7s, Japan 7s, , , 
284,France  7s, Portugal 7s, 12, 19, 
285,Canada  7s, Samoa 7s, 19, 26, 
286,Argentina  7s, USA 7s, 14, 12, 
287,USA  7s, Tonga 7s, 0, 41, 
288,New Zealand  7s, Netherlands 7s, 21, 0, 
289,South Africa  7s, Argentina 7s, 50, 0, 
290,New Zealand  7s, Russia 7s, 61, 0, 
291,Australia  7s, Singapore 7s, 38, 7, 
292,France  7s, Canada 7s, 10, 24, 
293,USA  7s, South Africa 7s, 10, 24, 
294,New Zealand  7s, Fiji 7s, 24, 21, 
295,Australia  7s, France 7s, 14, 12, 
296,New Zealand  7s, England 7s, 26, 5, 
297,Australia  7s, England 7s, 12, 15, 
298,Australia  7s, Fiji 7s, 14, 31, 
299,France  7s, Tunisia 7s, 7, 12, 
300,England  7s, Ireland 7s, 21, 19, 
301,New Zealand  7s, Canada 7s, 14, 26, 
302,France  7s, Papua New Guinea 7s, 31, 10, 
303,Tonga  7s, Fiji 7s, 10, 19, 
304,Fiji  7s, France 7s, 47, 7, 
305,New Zealand  7s, France 7s, 21, 12, 
306,Australia  7s, Canada 7s, 17, 19, 
307,Fiji  7s, Japan 7s, 5, 12, 
308,Canada  7s, Papua New Guinea 7s, 33, 20, 
309,Australia  7s, Ireland 7s, 12, 7, 
310,Samoa  7s, Kenya 7s, 19, 7, 
311,Chinese Taipei  7s, Hong Kong 7s, 7, 26, 
312,Argentina  7s, England 7s, 10, 0, 
313,England  7s, Japan 7s, 36, 0, 
314,Netherlands  7s, Brazil 7s, 22, 0, 
315,Spain  7s, China 7s, , , 
316,Argentina  7s, England 7s, 26, 21, 
317,England  7s, Argentina 7s, 26, 7, 
318,Australia  7s, Spain 7s, , , 
319,Australia  7s, New Zealand 7s, 24, 12, 
320,Fiji  7s, Samoa 7s, 14, 17, 
321,South Africa  7s, Canada 7s, 12, 19, 
322,Samoa  7s, Australia 7s, 14, 19, 
323,New Zealand  7s, USA 7s, 21, 5, 
324,New Zealand  7s, Spain 7s, 41, 0, 
325,New Zealand  7s, Canada 7s, 33, 24, 
326,Winner M29 Winner M30, , , 
327,Argentina  7s, Zimbabwe 7s, 14, 24, 
328,New Zealand  7s, France 7s, 36, 7, 
329,USA  7s, Fiji 7s, 19, 24, 
330,Canada  7s, USA 7s, 31, 0, 
331,New Zealand  7s, Georgia 7s, 40, 7, 
332,Kenya  7s, Portugal 7s, 19, 12, 
333,Fiji  7s, United Arab Emirates 7s, 45, 0, 
334,USA  7s, Argentina 7s, 26, 19, 
335,Russia  7s, England 7s, 17, 14, 
336,Russia  7s, Samoa 7s, 17, 12, 
337,France  7s, Chile 7s, 45, 7, 
338,South Africa  7s, France 7s, 5, 19, 
339,England  7s, China 7s, 35, 12, 
340,Brazil  7s, Tunisia 7s, 24, 0, 
341,USA  7s, South Africa 7s, 7, 26, 
342,Argentina  7s, Australia 7s, 40, 12, 
343,Samoa  7s, USA 7s, 38, 5, 
344,Samoa  7s, Kenya 7s, 26, 21, 
345,Fiji  7s, South Africa 7s, 14, 12, 
346,Australia  7s, Tonga 7s, 32, 0, 
347,England  7s, France 7s, 21, 12, 
348,South Africa  7s, Tonga 7s, 45, 5, 
349,New Zealand  7s, USA 7s, 33, 7, 
350,Samoa  7s, Tunisia 7s, 31, 0, 
351,Canada  7s, USA 7s, 41, 7, 
352,Australia  7s, Scotland 7s, 17, 21, 
353,Argentina  7s, Wales 7s, 7, 10, 
354,France  7s, Chile 7s, 12, 17, 
355,New Zealand  7s, Canada 7s, 31, 10, 
356,England  7s, Kenya 7s, 26, 0, 
357,Samoa  7s, Zimbabwe 7s, 39, 0, 
358,New Zealand  7s, Russia 7s, , , 
359,Japan  7s, France 7s, 12, 19, 
360,England  7s, Papua New Guinea 7s, 26, 0, 
361,Australia  7s, New Zealand 7s, 26, 12, 
362,Russia  7s, Brazil 7s, 41, 0, 
363,Samoa  7s, Wales 7s, 17, 10, 
364,Wales  7s, Australia 7s, 33, 14, 
365,Samoa  7s, England 7s, 12, 24, 
366,New Zealand  7s, China 7s, 24, 0, 
367,New Zealand  7s, Brazil 7s, 33, 0, 
368,Argentina  7s, Kenya 7s, 7, 5, 
369,Australia  7s, England 7s, 14, 33, 
370,Kenya  7s, Argentina 7s, 19, 17, 
371,England  7s, Netherlands 7s, 19, 12, 
372,Hong Kong  7s, Argentina 7s, 7, 33, 
373,Ireland  7s, Brazil 7s, 7, 29, 
374,Kenya  7s, Samoa 7s, 14, 19, 
375,New Zealand  7s, Fiji 7s, 0, 44, 
376,Ireland  7s, Georgia 7s, 7, 12, 
377,Australia  7s, USA 7s, 5, 10, 
378,England  7s, South Africa 7s, 17, 14, 
379,England  7s, Japan 7s, 26, 0, 
380,Canada  7s, Fiji 7s, 14, 17, 
381,Argentina  7s, Uganda 7s, 12, 7, 
382,France  7s, Wales 7s, 12, 14, 
383,Uganda  7s, Sri Lanka 7s, 38, 14, 
384,Ireland  7s, Brazil 7s, 5, 20, 
385,Netherlands  7s, China 7s, 19, 0, 
386,England  7s, USA 7s, 14, 22, 
387,England  7s, Samoa 7s, 19, 7, 
388,Canada  7s, Cook Islands 7s, 26, 12, 
389,Argentina  7s, Australia 7s, 26, 21, 
390,Fiji  7s, Ireland 7s, 7, 59, 
391,South Africa  7s, Japan 7s, , , 
392,Fiji  7s, Canada 7s, 26, 12, 
393,New Zealand  7s, Samoa 7s, 31, 0, 
394,South Africa  7s, Canada 7s, 33, 0, 
395,South Africa  7s, Australia 7s, 0, 29, 
396,Canada  7s, Russia 7s, 12, 7, 
397,Wales  7s, Portugal 7s, 17, 5, 
398,South Africa  7s, France 7s, 34, 0, 
399,Canada  7s, France 7s, 7, 8, 
400,France  7s, Canada 7s, 22, 19, 
401,South Africa  7s, Zambia 7s, 45, 0, 
402,Fiji  7s, Argentina 7s, 26, 21, 
403,Canada  7s, Japan 7s, 5, 17, 
404,Kenya  7s, France 7s, 14, 5, 
405,Brazil  7s, China 7s, 12, 26, 
406,Loser M23 Loser M24, , , 
407,Spain  7s, Fiji 7s, 20, 14, 
408,Ireland  7s, China 7s, 17, 7, 
409,Fiji  7s, England 7s, , , 
410,Canada  7s, France 7s, 28, 0, 
411,1st Pool B Best 3rd, , , 
412,France  7s, Samoa 7s, 17, 14, 
413,Samoa  7s, South Africa 7s, 14, 12, 
414,South Africa  7s, Argentina 7s, 25, 10, 
415,China  7s, Netherlands 7s, 0, 33, 
416,USA  7s, France 7s, 12, 14, 
417,Fiji  7s, England 7s, 15, 19, 
418,Spain  7s, Brazil 7s, 12, 7, 
419,South Africa  7s, New Zealand 7s, 12, 17, 
420,Fiji  7s, New Zealand 7s, , , 
421,Scotland  7s, Namibia 7s, 19, 15, 
422,England  7s, Brazil 7s, 28, 7, 
423,South Africa  7s, Argentina 7s, 12, 22, 
424,Russia  7s, Japan 7s, 29, 0, 
425,Canada  7s, Georgia 7s, 26, 22, 
426,England  7s, Kenya 7s, 19, 12, 
427,Australia  7s, Argentina 7s, 19, 7, 
428,New Zealand  7s, Argentina 7s, 21, 14, 
429,Fiji  7s, Wales 7s, 33, 7, 
430,France  7s, Russia 7s, , , 
431,USA  7s, Russia 7s, 14, 17, 
432,Australia  7s, France 7s, 17, 14, 
433,Fiji  7s, Thailand 7s, 67, 0, 
434,England  7s, Australia 7s, 17, 14, 
435,New Zealand  7s, USA 7s, 40, 0, 
436,Argentina  7s, United Arab Emirates 7s, 73, 7, 
437,Argentina  7s, France 7s, 24, 26, 
438,England  7s, France 7s, 12, 5, 
439,Japan  7s, Chile 7s, 7, 19, 
440,Fiji  7s, New Zealand 7s, 7, 31, 
441,New Zealand  7s, France 7s, 14, 0, 
442,Scotland  7s, Australia 7s, 14, 43, 
443,Canada  7s, USA 7s, 19, 40, 
444,Wales  7s, Australia 7s, 22, 33, 
445,Portugal  7s, Papua New Guinea 7s, 26, 29, 
446,England  7s, Argentina 7s, 12, 12, 
447,South Africa  7s, Russia 7s, 19, 10, 
448,Argentina  7s, Scotland 7s, 31, 14, 
449,China  7s, Singapore 7s, 26, 0, 
450,Australia  7s, Argentina 7s, 28, 0, 
451,New Zealand  7s, England 7s, 26, 19, 
452,New Zealand  7s, Papua New Guinea 7s, 31, 7, 
453,Wales  7s, Spain 7s, 26, 14, 
454,Scotland  7s, Wales 7s, 12, 24, 
455,USA  7s, England 7s, , , 
456,Fiji  7s, Russia 7s, 38, 7, 
457,Canada  7s, Russia 7s, 12, 12, 
458,Fiji  7s, Australia 7s, 15, 26, 
459,Spain  7s, Japan 7s, 26, 12, 
460,Winner M19 Winner M20, , , 
461,Fiji  7s, Portugal 7s, 42, 0, 
462,Portugal  7s, Russia 7s, 7, 10, 
463,Russia  7s, Spain 7s, 26, 0, 
464,Samoa  7s, Kenya 7s, 26, 7, 
465,Fiji  7s, New Zealand 7s, 12, 33, 
466,England  7s, Spain 7s, 31, 0, 
467,Kenya  7s, Zimbabwe 7s, 5, 21, 
468,Samoa  7s, Japan 7s, , , 
469,Australia  7s, France 7s, 42, 0, 
470,New Zealand  7s, Argentina 7s, 28, 14, 
471,Scotland  7s, England 7s, 19, 17, 
472,Brazil  7s, Japan 7s, 7, 21, 
473,New Zealand  7s, Brazil 7s, 29, 0, 
474,Wales  7s, Kenya 7s, 12, 26, 
475,Loser M39 Loser M40, , , 
476,Argentina  7s, Australia 7s, 5, 10, 
477,USA  7s, Canada 7s, 5, 17, 
478,New Zealand  7s, Russia 7s, 7, 33, 
479,Canada  7s, Japan 7s, 7, 19, 
480,Samoa  7s, New Zealand 7s, 0, 33, 
481,Kenya  7s, Scotland 7s, 19, 14, 
482,New Zealand  7s, Ireland 7s, 27, 5, 
483,Samoa  7s, Fiji 7s, 14, 12, 
484,New Zealand  7s, Australia 7s, 29, 14, 
485,Cook Islands  7s, Papua New Guinea 7s, 31, 14, 
486,New Zealand  7s, USA 7s, 19, 24, 
487,New Zealand  7s, Netherlands 7s, 20, 5, 
488,1st Pool C 2nd Pool B, , , 
489,Scotland  7s, Samoa 7s, 10, 31, 
490,Canada  7s, Uganda 7s, 36, 5, 
491,Canada  7s, England 7s, 7, 29, 
492,USA  7s, Samoa 7s, 27, 0, 
493,Zimbabwe  7s, USA 7s, 7, 41, 
494,Brazil  7s, Ireland 7s, 0, 15, 
495,Russia  7s, China 7s, 31, 0, 
496,Fiji  7s, Ireland 7s, 17, 17, 
497,Fiji  7s, England 7s, 17, 19, 
498,New Zealand  7s, Samoa 7s, 21, 7, 
499,Australia  7s, USA 7s, 5, 26, 
500,South Africa  7s, England 7s, 15, 21, 
501,France  7s, USA 7s, 19, 14, 
502,South Africa  7s, Australia 7s, 26, 12, 
503,Samoa  7s, Argentina 7s, 28, 28, 
504,New Zealand  7s, England 7s, 17, 14, 
505,Canada  7s, Uruguay 7s, 29, 0, 
506,Canada  7s, Cook Islands 7s, 12, 24, 
507,Australia  7s, Niue Island 7s, 36, 5, 
508,Scotland  7s, Canada 7s, 14, 19, 
509,New Zealand  7s, France 7s, 31, 12, 
510,Kenya  7s, United Arab Emirates 7s, 31, 19, 
511,New Zealand  7s, Niue Island 7s, 33, 0, 
512,South Africa  7s, France 7s, 21, 12, 
513,England  7s, Japan 7s, 24, 5, 
514,South Africa  7s, Samoa 7s, 26, 5, 
515,England  7s, Fiji 7s, 12, 15, 
516,New Zealand  7s, Netherlands 7s, 15, 0, 
517,Fiji  7s, New Zealand 7s, 12, 29, 
518,Portugal  7s, Cook Islands 7s, 12, 24, 
519,Fiji  7s, France 7s, 12, 19, 
520,Kenya  7s, New Zealand 7s, 0, 45, 
521,1st Pool A 2nd Pool D, , , 
522,New Zealand  7s, South Africa 7s, 54, 14, 
523,South Africa  7s, China 7s, 19, 7, 
524,Wales  7s, Australia 7s, 0, 26, 
525,Fiji  7s, Scotland 7s, 36, 12, 
526,Japan  7s, Tonga 7s, 31, 19, 
527,Wales  7s, England 7s, 12, 33, 
528,France  7s, Ireland 7s, 21, 12, 
529,Fiji  7s, Kenya 7s, 24, 5, 
530,USA  7s, Argentina 7s, 10, 31, 
531,South Africa  7s, USA 7s, 36, 7, 
532,New Zealand  7s, Samoa 7s, 12, 33, 
533,Russia  7s, France 7s, 0, 22, 
534,Canada  7s, Zimbabwe 7s, 28, 7, 
535,Spain  7s, USA 7s, 12, 17, 
536,New Zealand  7s, Argentina 7s, 24, 19, 
537,Australia  7s, Canada 7s, 12, 26, 
538,England  7s, Kenya 7s, 26, 17, 
539,Scotland  7s, Argentina 7s, 7, 14, 
540,Canada  7s, Ireland 7s, 24, 12, 
541,South Africa  7s, Kenya 7s, 38, 10, 
542,Fiji  7s, New Zealand 7s, 31, 0, 
543,France  7s, USA 7s, 17, 14, 
544,Canada  7s, Scotland 7s, 14, 12, 
545,Portugal  7s, United Arab Emirates 7s, 41, 0, 
546,Argentina  7s, Kenya 7s, 7, 21, 
547,Canada  7s, Ireland 7s, 33, 5, 
548,France  7s, Zimbabwe 7s, 26, 0, 
549,New Zealand  7s, Australia 7s, 36, 12, 
550,New Zealand  7s, South Africa 7s, 12, 5, 
551,Argentina  7s, Kenya 7s, 19, 24, 
552,Chinese Taipei  7s, Thailand 7s, 21, 5, 
553,New Zealand  7s, Scotland 7s, 35, 5, 
554,Fiji  7s, USA 7s, 7, 24, 
555,France  7s, Portugal 7s, 12, 12, 
556,England  7s, Ireland 7s, 31, 19, 
557,South Africa  7s, England 7s, 5, 26, 
558,USA  7s, New Zealand 7s, 14, 27, 
559,England  7s, Canada 7s, 40, 0, 
560,England  7s, Wales 7s, 14, 14, 
561,South Africa  7s, Tunisia 7s, 38, 0, 
562,France  7s, United Arab Emirates 7s, 26, 19, 
563,Scotland  7s, Japan 7s, , , 
564,Samoa  7s, Argentina 7s, 17, 15, 
565,Australia  7s, Canada 7s, , , 
566,Kenya  7s, Ireland 7s, 21, 14, 
567,Fiji  7s, Argentina 7s, 40, 7, 
568,South Africa  7s, USA 7s, 33, 12, 
569,Australia  7s, Russia 7s, 10, 19, 
570,Kenya  7s, Samoa 7s, 17, 7, 
571,South Africa  7s, Scotland 7s, 19, 19, 
572,France  7s, Ireland 7s, 21, 19, 
573,New Zealand  7s, Canada 7s, 33, 19, 
574,New Zealand  7s, Ireland 7s, 34, 7, 
575,Zambia  7s, Sri Lanka 7s, 17, 12, 
576,Scotland  7s, Chile 7s, 25, 5, 
577,France  7s, USA 7s, 17, 28, 
578,Ireland  7s, China 7s, 7, 26, 
579,England  7s, Brazil 7s, 12, 17, 
580,China  7s, Japan 7s, 10, 14, 
581,Samoa  7s, Wales 7s, 21, 21, 
582,New Zealand  7s, Japan 7s, 42, 5, 
583,Canada  7s, South Africa 7s, 36, 7, 
584,Scotland  7s, South Africa 7s, 5, 15, 
585,USA  7s, England 7s, 19, 5, 
586,USA  7s, Kenya 7s, 41, 0, 
587,Spain  7s, USA 7s, 5, 20, 
588,Fiji  7s, Wales 7s, 26, 28, 
589,Spain  7s, China 7s, 12, 7, 
590,Scotland  7s, Canada 7s, 21, 19, 
591,Australia  7s, Wales 7s, 26, 0, 
592,New Zealand  7s, Australia 7s, 19, 0, 
593,South Africa  7s, France 7s, 20, 14, 
594,Australia  7s, Russia 7s, 20, 7, 
595,England  7s, Samoa 7s, 27, 0, 
596,New Zealand  7s, Japan 7s, 42, 0, 
597,Netherlands  7s, Russia 7s, 0, 22, 
598,Spain  7s, Canada 7s, 12, 12, 
599,South Africa  7s, Spain 7s, 38, 0, 
600,New Zealand  7s, England 7s, 12, 7, 
601,Scotland  7s, Chile 7s, 26, 10, 
602,Samoa  7s, Canada 7s, 38, 7, 
603,Spain  7s, Brazil 7s, 7, 10, 
604,USA  7s, Canada 7s, 17, 21, 
605,New Zealand  7s, South Korea 7s, 47, 7, 
606,South Africa  7s, Argentina 7s, 24, 5, 
607,Fiji  7s, Scotland 7s, 22, 19, 
608,Scotland  7s, Spain 7s, 21, 14, 
609,Samoa  7s, Namibia 7s, 59, 5, 
610,Samoa  7s, South Africa 7s, 0, 12, 
611,USA  7s, Scotland 7s, 26, 12, 
612,USA  7s, Spain 7s, 38, 10, 
613,USA  7s, Kenya 7s, 26, 10, 
614,Winner M39 Winner M40, , , 
615,Australia  7s, England 7s, 24, 7, 
616,Wales  7s, United Arab Emirates 7s, 47, 5, 
617,Fiji  7s, Ireland 7s, 27, 10, 
618,Argentina  7s, Scotland 7s, 14, 14, 
619,Russia  7s, England 7s, 19, 12, 
620,South Africa  7s, New Zealand 7s, 26, 5, 
621,Fiji  7s, Canada 7s, 26, 5, 
622,France  7s, Kenya 7s, 14, 17, 
623,USA  7s, France 7s, 19, 10, 
624,USA  7s, Canada 7s, 5, 19, 
625,USA  7s, China 7s, 21, 12, 
626,Australia  7s, England 7s, 12, 14, 
627,England  7s, Morocco 7s, 45, 0, 
628,Argentina  7s, England 7s, 14, 33, 
629,Samoa  7s, Australia 7s, 14, 10, 
630,Fiji  7s, Portugal 7s, 31, 7, 
631,Fiji  7s, Argentina 7s, 14, 12, 
632,Kenya  7s, England 7s, 7, 7, 
633,Argentina  7s, Kenya 7s, 14, 32, 
634,Russia  7s, Mexico 7s, 58, 0, 
635,Argentina  7s, USA 7s, 14, 19, 
636,Tonga  7s, Kenya 7s, 20, 17, 
637,Argentina  7s, Wales 7s, 28, 21, 
638,England  7s, Fiji 7s, 21, 26, 
639,Australia  7s, South Africa 7s, 17, 14, 
640,England  7s, Wales 7s, , , 
641,New Zealand  7s, France 7s, 29, 0, 
642,Samoa  7s, Canada 7s, 17, 26, 
643,USA  7s, China 7s, 24, 21, 
644,Samoa  7s, Scotland 7s, 31, 26, 
645,Argentina  7s, Australia 7s, 33, 12, 
646,England  7s, Portugal 7s, 58, 5, 
647,Scotland  7s, Papua New Guinea 7s, 17, 12, 
648,USA  7s, Zimbabwe 7s, 28, 12, 
649,Russia  7s, Brazil 7s, 42, 5, 
650,South Africa  7s, England 7s, 27, 14, 
651,France  7s, Portugal 7s, 22, 14, 
652,Argentina  7s, South Korea 7s, 36, 19, 
653,France  7s, Kenya 7s, 22, 19, 
654,Uganda  7s, United Arab Emirates 7s, 26, 12, 
655,Scotland  7s, United Arab Emirates 7s, 40, 5, 
656,Australia  7s, China 7s, 31, 0, 
657,Fiji  7s, England 7s, 21, 26, 
658,Fiji  7s, Canada 7s, 19, 26, 
659,France  7s, England 7s, 12, 29, 
660,Kenya  7s, South Africa 7s, 10, 49, 
661,Wales  7s, Spain 7s, , , 
662,England  7s, Kenya 7s, 13, 12, 
663,Loser M25 Loser M26, , , 
664,Wales  7s, Russia 7s, 19, 12, 
665,Australia  7s, Cook Islands 7s, 35, 17, 
666,Australia  7s, Spain 7s, 17, 14, 
667,Ireland  7s, Netherlands 7s, 14, 10, 
668,New Zealand  7s, Tonga 7s, 19, 5, 
669,England  7s, Australia 7s, 26, 17, 
670,Kenya  7s, Brazil 7s, 38, 0, 
671,Scotland  7s, Samoa 7s, 14, 21, 
672,Canada  7s, USA 7s, 19, 12, 
673,Canada  7s, Fiji 7s, 10, 24, 
674,England  7s, France 7s, 19, 0, 
675,Scotland  7s, Spain 7s, 7, 10, 
676,Australia  7s, South Africa 7s, 19, 14, 
677,USA  7s, Canada 7s, 10, 19, 
678,Australia  7s, USA 7s, 33, 14, 
679,Australia  7s, Brazil 7s, 7, 5, 
680,France  7s, Fiji 7s, 45, 12, 
681,Canada  7s, Brazil 7s, 33, 0, 
682,Australia  7s, Brazil 7s, 50, 0, 
683,South Africa  7s, USA 7s, 49, 0, 
684,Samoa  7s, Canada 7s, 31, 10, 
685,Fiji  7s, Kenya 7s, 36, 12, 
686,Morocco  7s, Sri Lanka 7s, 19, 7, 
687,Fiji  7s, France 7s, 31, 12, 
688,Mexico  7s, China 7s, 0, 47, 
689,Tonga  7s, Argentina 7s, 5, 12, 
690,South Africa  7s, Tonga 7s, 12, 15, 
691,Kenya  7s, France 7s, 5, 26, 
692,New Zealand  7s, South Africa 7s, 24, 17, 
693,Kenya  7s, Canada 7s, 5, 10, 
694,New Zealand  7s, Uganda 7s, 31, 0, 
695,South Africa  7s, Wales 7s, 29, 12, 
696,Samoa  7s, Argentina 7s, 12, 19, 
697,South Africa  7s, Australia 7s, 34, 7, 
698,Canada  7s, England 7s, 19, 10, 
699,Samoa  7s, Scotland 7s, 26, 12, 
700,Australia  7s, USA 7s, 47, 7, 
701,Argentina  7s, Japan 7s, 0, 7, 
702,USA  7s, South Africa 7s, 10, 21, 
703,Wales  7s, Japan 7s, 22, 5, 
704,New Zealand  7s, Ireland 7s, 36, 7, 
705,3rd Pool B 4th Pool C, , , 
706,South Africa  7s, Chile 7s, 43, 0, 
707,Australia  7s, Kenya 7s, 21, 24, 
708,Australia  7s, Kenya 7s, , , 
709,Kenya  7s, Wales 7s, 22, 14, 
710,Fiji  7s, United Arab Emirates 7s, 43, 0, 
711,Canada  7s, Scotland 7s, 35, 21, 
712,Australia  7s, Samoa 7s, 14, 21, 
713,Canada  7s, China 7s, 24, 0, 
714,New Zealand  7s, Tunisia 7s, 33, 0, 
715,South Africa  7s, Wales 7s, 19, 10, 
716,Samoa  7s, Russia 7s, 33, 12, 
717,Morocco  7s, Kenya 7s, 17, 19, 
718,South Africa  7s, Australia 7s, 21, 29, 
719,Fiji  7s, USA 7s, 14, 12, 
720,England  7s, France 7s, 29, 12, 
721,South Africa  7s, Scotland 7s, , , 
722,Scotland  7s, Australia 7s, 24, 26, 
723,Argentina  7s, Japan 7s, 24, 7, 
724,New Zealand  7s, France 7s, 24, 5, 
725,USA  7s, Canada 7s, 19, 26, 
726,USA  7s, Ireland 7s, , , 
727,Kenya  7s, Spain 7s, 26, 14, 
728,Canada  7s, USA 7s, 19, 31, 
729,Samoa  7s, Fiji 7s, 24, 21, 
730,Scotland  7s, USA 7s, 26, 19, 
731,England  7s, France 7s, 7, 22, 
732,France  7s, Argentina 7s, , , 
733,Scotland  7s, Japan 7s, 14, 15, 
734,Ireland  7s, Brazil 7s, 33, 5, 
735,Tunisia  7s, Samoa 7s, 19, 7, 
736,New Zealand  7s, Portugal 7s, 52, 0, 
737,New Zealand  7s, Australia 7s, 33, 14, 
738,Russia  7s, England 7s, 31, 5, 
739,France  7s, Spain 7s, 21, 7, 
740,New Zealand  7s, Kenya 7s, 40, 0, 
741,Russia  7s, England 7s, 17, 14, 
742,South Africa  7s, France 7s, 26, 14, 
743,Samoa  7s, Argentina 7s, 33, 19, 
744,Argentina  7s, China 7s, 26, 5, 
745,Wales  7s, Argentina 7s, 47, 28, 
746,Brazil  7s, China 7s, 22, 17, 
747,Australia  7s, Wales 7s, 14, 19, 
748,England  7s, Portugal 7s, 12, 14, 
749,Argentina  7s, Russia 7s, 40, 19, 
750,USA  7s, Brazil 7s, 24, 0, 
751,New Zealand  7s, Chinese Taipei 7s, 52, 0, 
752,New Zealand  7s, France 7s, 14, 12, 
753,New Zealand  7s, Samoa 7s, 33, 0, 
754,Australia  7s, Scotland 7s, 24, 12, 
755,Scotland  7s, Uruguay 7s, 40, 12, 
756,Argentina  7s, USA 7s, 19, 24, 
757,England  7s, USA 7s, 19, 21, 
758,Canada  7s, New Zealand 7s, 0, 36, 
759,Russia  7s, Spain 7s, 24, 0, 
760,Fiji  7s, USA 7s, 33, 19, 
761,Fiji  7s, Cook Islands 7s, 38, 0, 
762,New Zealand  7s, France 7s, 45, 7, 
763,Kenya  7s, Uganda 7s, 33, 0, 
764,New Zealand  7s, France 7s, 42, 7, 
765,Tonga  7s, Samoa 7s, 5, 25, 
766,USA  7s, Argentina 7s, 24, 26, 
767,Argentina  7s, Tonga 7s, 24, 12, 
768,Chile  7s, Wales 7s, 12, 19, 
769,Portugal  7s, France 7s, 26, 14, 
770,France  7s, Canada 7s, 19, 12, 
771,New Zealand  7s, France 7s, 28, 5, 
772,Australia  7s, Fiji 7s, 24, 5, 
773,Canada  7s, England 7s, 24, 12, 
774,Netherlands  7s, Brazil 7s, 12, 12, 
775,Australia  7s, England 7s, 21, 24, 
776,Canada  7s, Australia 7s, 17, 7, 
777,South Africa  7s, Samoa 7s, 12, 7, 
778,New Zealand  7s, Canada 7s, 28, 19, 
779,Canada  7s, Argentina 7s, 12, 19, 
780,England  7s, Argentina 7s, 14, 5, 
781,New Zealand  7s, Australia 7s, 26, 12, 
782,Chinese Taipei  7s, China 7s, 17, 10, 
783,England  7s, South Africa 7s, 12, 29, 
784,Samoa  7s, Australia 7s, 14, 5, 
785,Argentina  7s, Samoa 7s, 17, 7, 
786,Canada  7s, England 7s, 12, 17, 
787,Spain  7s, France 7s, 17, 28, 
788,New Zealand  7s, Spain 7s, 24, 26, 
789,Scotland  7s, Wales 7s, 12, 26, 
790,England  7s, Spain 7s, , , 
791,Kenya  7s, Papua New Guinea 7s, 28, 12, 
792,Fiji  7s, England 7s, 12, 19, 
793,Kenya  7s, Scotland 7s, 17, 0, 
794,Winner M31 Winner M32, , , 
795,USA  7s, Canada 7s, 26, 5, 
796,England  7s, Canada 7s, 19, 0, 
797,Japan  7s, Scotland 7s, 7, 17, 
798,New Zealand  7s, Tunisia 7s, 53, 0, 
799,Cook Islands  7s, Tonga 7s, 7, 29, 
800,South Africa  7s, Papua New Guinea 7s, 50, 0, 
801,Australia  7s, Chinese Taipei 7s, 55, 5, 
802,Australia  7s, China 7s, , , 
803,China  7s, Tunisia 7s, 57, 0, 
804,USA  7s, Russia 7s, 12, 10, 
805,Argentina  7s, France 7s, 19, 12, 
806,Ireland  7s, USA 7s, 24, 31, 
807,Fiji  7s, England 7s, 12, 14, 
808,France  7s, Fiji 7s, 12, 31, 
809,England  7s, Samoa 7s, 33, 14, 
810,Samoa  7s, United Arab Emirates 7s, 55, 12, 
811,South Africa  7s, Namibia 7s, 49, 0, 
812,Japan  7s, Kenya 7s, 22, 14, 
813,England  7s, Spain 7s, 34, 14, 
814,Scotland  7s, Argentina 7s, 12, 17, 
815,Australia  7s, Fiji 7s, 17, 5, 
816,Russia  7s, Canada 7s, 5, 26, 
817,Brazil  7s, Japan 7s, 0, 13, 
818,New Zealand  7s, USA 7s, 35, 12, 
819,Australia  7s, Spain 7s, 26, 7, 
820,New Zealand  7s, Portugal 7s, 38, 0, 
821,Australia  7s, Brazil 7s, 24, 0, 
822,New Zealand  7s, England 7s, 14, 5, 
823,Australia  7s, USA 7s, 17, 0, 
824,Loser M31 Loser M32, , , 
825,Fiji  7s, USA 7s, 24, 14, 
826,New Zealand  7s, South Africa 7s, 5, 21, 
827,Chile  7s, Spain 7s, 12, 28, 
828,Spain  7s, Brazil 7s, 22, 7, 
829,USA  7s, Portugal 7s, 10, 12, 
830,South Korea  7s, Niue Island 7s, 43, 12, 
831,South Africa  7s, Ireland 7s, 21, 12, 
832,Australia  7s, Argentina 7s, 26, 31, 
833,Ireland  7s, Russia 7s, 12, 17, 
834,Fiji  7s, Canada 7s, 22, 14, 
835,USA  7s, China 7s, 41, 0, 
836,Canada  7s, Zimbabwe 7s, 19, 0, 
837,South Africa  7s, Canada 7s, 24, 10, 
838,Fiji  7s, Zimbabwe 7s, 47, 0, 
839,Russia  7s, Australia 7s, 12, 31, 
840,Spain  7s, Scotland 7s, 12, 28, 
841,Wales  7s, Samoa 7s, 19, 14, 
842,Scotland  7s, Canada 7s, 19, 14, 
843,Argentina  7s, Samoa 7s, 36, 12, 
844,Australia  7s, Papua New Guinea 7s, 26, 7, 
845,Canada  7s, Namibia 7s, 26, 15, 
846,Wales  7s, Scotland 7s, 14, 7, 
847,England  7s, Netherlands 7s, 19, 12, 
848,Australia  7s, Samoa 7s, 19, 12, 
849,Argentina  7s, Kenya 7s, 7, 22, 
850,USA  7s, Guyana 7s, 33, 12, 
851,New Zealand  7s, Spain 7s, 26, 5, 
852,Fiji  7s, Zimbabwe 7s, 47, 7, 
853,Wales  7s, Scotland 7s, 31, 19, 
854,Loser M25 Loser M26, , , 
855,New Zealand  7s, Portugal 7s, 31, 10, 
856,Portugal  7s, Tunisia 7s, 5, 5, 
857,USA  7s, Scotland 7s, 33, 26, 
858,South Africa  7s, Portugal 7s, 17, 5, 
859,Fiji  7s, Australia 7s, 22, 17, 
860,New Zealand  7s, Singapore 7s, 68, 0, 
861,New Zealand  7s, Wales 7s, 27, 14, 
862,Canada  7s, Papua New Guinea 7s, 31, 14, 
863,South Africa  7s, England 7s, 33, 12, 
864,Canada  7s, France 7s, 12, 17, 
865,France  7s, Uruguay 7s, 21, 19, 
866,USA  7s, Ireland 7s, 5, 12, 
867,England  7s, Japan 7s, 40, 10, 
868,France  7s, Spain 7s, 33, 0, 
869,South Africa  7s, Fiji 7s, 19, 17, 
870,Samoa  7s, Fiji 7s, 17, 31, 
871,Winner M23 Winner M24, , , 
872,Australia  7s, USA 7s, 19, 10, 
873,Australia  7s, Japan 7s, 43, 0, 
874,New Zealand  7s, Argentina 7s, 26, 19, 
875,Fiji  7s, Samoa 7s, 40, 0, 
876,Scotland  7s, Zimbabwe 7s, 19, 26, 
877,Australia  7s, Argentina 7s, 14, 29, 
878,France  7s, Guyana 7s, 12, 12, 
879,USA  7s, Ireland 7s, 5, 28, 
880,New Zealand  7s, England 7s, 14, 7, 
881,Canada  7s, Japan 7s, 21, 7, 
882,South Africa  7s, Australia 7s, 27, 7, 
883,Fiji  7s, Samoa 7s, 17, 12, 
884,South Africa  7s, Japan 7s, 52, 0, 
885,England  7s, Papua New Guinea 7s, 35, 5, 
886,Canada  7s, New Zealand 7s, 19, 24, 
887,Fiji  7s, Canada 7s, 5, 26, 
888,Australia  7s, South Africa 7s, 19, 17, 
889,Fiji  7s, Australia 7s, 7, 28, 
890,France  7s, Thailand 7s, 47, 0, 
891,Scotland  7s, Tunisia 7s, 14, 33, 
892,South Africa  7s, USA 7s, 10, 29, 
893,Ireland  7s, Canada 7s, 19, 24, 
894,England  7s, Australia 7s, 26, 14, 
895,New Zealand  7s, Samoa 7s, 19, 26, 
896,England  7s, Sri Lanka 7s, 75, 0, 
897,New Zealand  7s, France 7s, 15, 10, 
898,Spain  7s, Samoa 7s, 21, 26, 
899,Spain  7s, France 7s, 10, 26, 
900,Canada  7s, USA 7s, 35, 5, 
901,Argentina  7s, Russia 7s, 19, 14, 
902,Canada  7s, Australia 7s, 12, 38, 
903,South Africa  7s, Cook Islands 7s, 31, 12, 
904,USA  7s, Wales 7s, 19, 10, 
905,USA  7s, Canada 7s, 36, 14, 
906,New Zealand  7s, Spain 7s, 14, 5, 
907,France  7s, USA 7s, 5, 21, 
908,Papua New Guinea  7s, South Korea 7s, 12, 24, 
909,France  7s, China 7s, 33, 5, 
910,England  7s, Papua New Guinea 7s, 29, 17, 
911,New Zealand  7s, Fiji 7s, 17, 19, 
912,Canada  7s, USA 7s, 26, 12, 
913,USA  7s, Australia 7s, 40, 7, 
914,New Zealand  7s, Samoa 7s, 14, 7, 
915,Portugal  7s, Scotland 7s, 26, 24, 
916,Australia  7s, Kenya 7s, 29, 7, 
917,Wales  7s, Samoa 7s, 7, 7, 
918,England  7s, Canada 7s, 47, 7, 
919,New Zealand  7s, South Africa 7s, 28, 14, 
920,Ireland  7s, Russia 7s, 21, 10, 
921,New Zealand  7s, England 7s, 10, 5, 
922,England  7s, Argentina 7s, 24, 7, 
923,Scotland  7s, Fiji 7s, 24, 0, 
924,Fiji  7s, Kenya 7s, , , 
925,Fiji  7s, New Zealand 7s, 15, 33, 
926,Fiji  7s, South Africa 7s, 17, 12, 
927,Namibia  7s, France 7s, 12, 36, 
928,New Zealand  7s, Samoa 7s, 12, 5, 
929,Portugal  7s, Kenya 7s, 24, 12, 
930,Russia  7s, Spain 7s, 0, 17, 
931,New Zealand  7s, Spain 7s, 19, 7, 
932,USA  7s, England 7s, , , 
933,Canada  7s, France 7s, 19, 7, 
934,Kenya  7s, Japan 7s, 17, 12, 
935,South Africa  7s, Argentina 7s, 17, 7, 
936,Samoa  7s, Spain 7s, 45, 5, 
937,Fiji  7s, Scotland 7s, 26, 14, 
938,Brazil  7s, USA 7s, 17, 26, 
939,New Zealand  7s, Fiji 7s, 19, 14, 
940,Russia  7s, Hong Kong 7s, 19, 26, 
941,Morocco  7s, United Arab Emirates 7s, 43, 12, 
942,Canada  7s, South Africa 7s, 7, 31, 
943,Kenya  7s, Wales 7s, 19, 24, 
944,Canada  7s, Portugal 7s, 19, 12, 
945,England  7s, Scotland 7s, 12, 7, 
946,Australia  7s, Canada 7s, 35, 21, 
947,Samoa  7s, Scotland 7s, 41, 12, 
948,Spain  7s, Brazil 7s, 19, 5, 
949,Samoa  7s, Tonga 7s, 17, 21, 
950,Portugal  7s, France 7s, 0, 38, 
951,France  7s, Uganda 7s, 22, 7, 
952,Samoa  7s, Zimbabwe 7s, 28, 12, 
953,Wales  7s, Argentina 7s, 5, 7, 
954,England  7s, Zimbabwe 7s, 43, 0, 
955,Samoa  7s, Kenya 7s, 31, 17, 
956,United Arab Emirates  7s, Zimbabwe 7s, 17, 12, 
957,Australia  7s, Georgia 7s, 24, 7, 
958,Australia  7s, South Africa 7s, 10, 12, 
959,England  7s, France 7s, 10, 5, 
960,France  7s, Russia 7s, 17, 21, 
961,England  7s, Spain 7s, 14, 7, 
962,Russia  7s, France 7s, 19, 12, 
963,Wales  7s, Kenya 7s, 19, 14, 
964,England  7s, Samoa 7s, 24, 0, 
965,France  7s, Wales 7s, 31, 12, 
966,England  7s, Australia 7s, 12, 26, 
967,China  7s, Fiji 7s, 14, 17, 
968,3rd Pool C 4th Pool B, , , 
969,Best 4th 2nd Best 4th, , , 
970,England  7s, Spain 7s, 22, 10, 
971,South Africa  7s, Thailand 7s, 77, 0, 
972,Fiji  7s, France 7s, 28, 17, 
973,Netherlands  7s, Brazil 7s, 17, 10, 
974,Georgia  7s, Portugal 7s, 7, 10, 
975,2nd Pool B 2nd Pool C, , , 
976,New Zealand  7s, England 7s, 28, 7, 
977,Russia  7s, USA 7s, 19, 10, 
978,England  7s, France 7s, 24, 12, 
979,Argentina  7s, Fiji 7s, 14, 21, 
980,Australia  7s, Wales 7s, 26, 12, 
981,Spain  7s, Brazil 7s, 26, 0, 
982,Australia  7s, Guyana 7s, 33, 0, 
983,Australia  7s, Spain 7s, 40, 0, 
984,Spain  7s, Wales 7s, 19, 7, 
985,Canada  7s, Fiji 7s, 26, 7, 
986,Scotland  7s, Japan 7s, 29, 7, 
987,England  7s, Fiji 7s, 24, 10, 
988,Wales  7s, Tunisia 7s, 26, 5, 
989,Ireland  7s, Netherlands 7s, 12, 10, 
990,New Zealand  7s, Ireland 7s, 31, 5, 
991,Spain  7s, Wales 7s, 21, 5, 
992,South Africa  7s, Chile 7s, 5, 5, 
993,England  7s, New Zealand 7s, 10, 7, 
994,New Zealand  7s, Fiji 7s, 21, 22, 
995,Australia  7s, USA 7s, 14, 17, 
996,Hong Kong  7s, Canada 7s, 5, 36, 
997,Fiji  7s, Canada 7s, 35, 7, 
998,France  7s, South Africa 7s, 5, 33, 
999,South Africa  7s, England 7s, 26, 12, 
1000,USA  7s, Wales 7s, , , 
1001,Russia  7s, France 7s, 26, 0, 
1002,Canada  7s, Portugal 7s, , , 
1003,Fiji  7s, England 7s, 19, 12, 
1004,Australia  7s, Canada 7s, 7, 12, 
1005,New Zealand  7s, Portugal 7s, 31, 7, 
1006,New Zealand  7s, Kenya 7s, 36, 0, 
1007,Canada  7s, USA 7s, 17, 33, 
1008,Winner M25 Winner M26, , , 
1009,Wales  7s, Canada 7s, 12, 21, 
1010,Canada  7s, Russia 7s, 7, 17, 
1011,France  7s, Scotland 7s, 22, 7, 
1012,Scotland  7s, Portugal 7s, 19, 17, 
1013,Canada  7s, Japan 7s, 52, 5, 
1014,Australia  7s, Japan 7s, 10, 7, 
1015,Loser M27 Loser M28, , , 
1016,Wales  7s, Scotland 7s, 14, 19, 
1017,Russia  7s, Japan 7s, 10, 19, 
1018,England  7s, Ireland 7s, 32, 0, 
1019,Canada  7s, Brazil 7s, 26, 19, 
1020,Wales  7s, Scotland 7s, 40, 12, 
1021,Fiji  7s, USA 7s, 35, 12, 
1022,Fiji  7s, France 7s, 26, 12, 
1023,England  7s, Fiji 7s, 10, 15, 
1024,Winner M33 Winner M34, , , 
1025,France  7s, Japan 7s, 14, 21, 
1026,New Zealand  7s, Fiji 7s, 26, 0, 
1027,Argentina  7s, United Arab Emirates 7s, 22, 5, 
1028,Wales  7s, France 7s, 29, 24, 
1029,Ireland  7s, England 7s, , , 
1030,Loser M29 Loser M30, , , 
1031,United Arab Emirates  7s, Kenya 7s, 5, 35, 
1032,Argentina  7s, Fiji 7s, 21, 10, 
1033,France  7s, Sri Lanka 7s, 42, 7, 
1034,France  7s, Australia 7s, 0, 26, 
1035,Fiji  7s, South Africa 7s, 14, 19, 
1036,Fiji  7s, England 7s, 17, 19, 
1037,USA  7s, Spain 7s, , , 
1038,Fiji  7s, Russia 7s, 33, 19, 
1039,Scotland  7s, Spain 7s, 21, 14, 
1040,Canada  7s, Russia 7s, 33, 0, 
1041,Spain  7s, Ireland 7s, 12, 14, 
1042,Spain  7s, Canada 7s, 12, 21, 
1043,Winner M27 Winner M28, , , 
1044,Canada  7s, France 7s, 26, 5, 
1045,1st Pool B 2nd Pool C, , , 
1046,Samoa  7s, Japan 7s, 33, 0, 
1047,Kenya  7s, France 7s, 17, 40, 
1048,New Zealand  7s, Argentina 7s, 33, 5, 
1049,Canada  7s, China 7s, , , 
1050,Portugal  7s, Canada 7s, 33, 24, 
1051,Fiji  7s, Argentina 7s, 21, 10, 
1052,Japan  7s, Kenya 7s, 15, 28, 
1053,France  7s, USA 7s, 19, 21, 
1054,Spain  7s, England 7s, 0, 26, 
1055,Australia  7s, Canada 7s, 21, 19, 
1056,England  7s, Canada 7s, 7, 12, 
1057,New Zealand  7s, Fiji 7s, 19, 10, 
1058,France  7s, Brazil 7s, 25, 5, 
1059,Canada  7s, Ireland 7s, 17, 7, 
1060,England  7s, Scotland 7s, 33, 12, 
1061,Canada  7s, Kenya 7s, 24, 14, 
1062,Wales  7s, South Africa 7s, 7, 22, 
1063,England  7s, France 7s, 40, 0, 
1064,New Zealand  7s, United Arab Emirates 7s, 46, 7, 
1065,Australia  7s, Uganda 7s, 36, 0, 
1066,South Africa  7s, Argentina 7s, 33, 12, 
1067,1st Pool A 2nd Best 3rd, , , 
1068,Argentina  7s, Canada 7s, 17, 7, 
1069,Canada  7s, France 7s, 28, 12, 
1070,France  7s, USA 7s, 7, 10, 
1071,USA  7s, Fiji 7s, , , 
1072,England  7s, Scotland 7s, 21, 7, 
1073,New Zealand  7s, Australia 7s, , , 
1074,Fiji  7s, France 7s, 35, 5, 
1075,USA  7s, France 7s, 7, 0, 
1076,England  7s, USA 7s, 7, 14, 
1077,England  7s, USA 7s, 26, 12, 
1078,Canada  7s, Spain 7s, 27, 7, 
1079,Fiji  7s, New Zealand 7s, 14, 36, 
1080,Papua New Guinea  7s, Wales 7s, 5, 24, 
1081,England  7s, Chile 7s, 22, 0, 
1082,Kenya  7s, France 7s, 14, 22, 
1083,Argentina  7s, USA 7s, 19, 22, 
1084,Argentina  7s, New Zealand 7s, 21, 26, 
1085,Netherlands  7s, Brazil 7s, 31, 0, 
1086,Russia  7s, Kenya 7s, 15, 7, 
1087,USA  7s, South Africa 7s, 7, 35, 
1088,Australia  7s, Canada 7s, 5, 0, 
1089,New Zealand  7s, South Africa 7s, 39, 0, 
1090,South Africa  7s, Fiji 7s, 15, 21, 
1091,Wales  7s, Canada 7s, 15, 12, 
1092,Spain  7s, Scotland 7s, 14, 15, 
1093,Samoa  7s, Japan 7s, 17, 21, 
1094,Fiji  7s, Wales 7s, 33, 14, 
1095,England  7s, Brazil 7s, 29, 5, 
1096,USA  7s, Wales 7s, 35, 19, 
1097,Wales  7s, Argentina 7s, 19, 10, 
1098,England  7s, Spain 7s, 19, 10, 
1099,USA  7s, Spain 7s, 17, 5, 
1100,South Africa  7s, Fiji 7s, 31, 12, 
1101,New Zealand  7s, Wales 7s, 26, 7, 
1102,Russia  7s, Spain 7s, 34, 5, 
1103,England  7s, Canada 7s, 14, 0, 
1104,USA  7s, Scotland 7s, 0, 26, 
1105,Spain  7s, Brazil 7s, 21, 5, 
1106,Kenya  7s, Singapore 7s, 59, 0, 
1107,Scotland  7s, New Zealand 7s, 7, 14, 
1108,Australia  7s, Russia 7s, 28, 19, 
1109,Fiji  7s, Scotland 7s, 38, 10, 
1110,Australia  7s, France 7s, 26, 14, 
1111,Samoa  7s, France 7s, 21, 19, 
1112,Wales  7s, Japan 7s, 31, 14, 
1113,Samoa  7s, Zimbabwe 7s, 21, 12, 
1114,Niue Island  7s, USA 7s, 17, 22, 
1115,New Zealand  7s, England 7s, 19, 5, 
1116,Russia  7s, New Zealand 7s, 7, 24, 
1117,Papua New Guinea  7s, Spain 7s, 17, 31, 
1118,Scotland  7s, Russia 7s, 26, 10, 
1119,Argentina  7s, Zimbabwe 7s, 19, 14, 
1120,England  7s, Samoa 7s, 12, 19, 
1121,France  7s, Morocco 7s, 35, 7, 
1122,Fiji  7s, Hong Kong 7s, 40, 0, 
1123,Ireland  7s, USA 7s, 5, 17, 
1124,Australia  7s, Russia 7s, 21, 15, 
1125,New Zealand  7s, Wales 7s, 29, 0, 
1126,New Zealand  7s, Australia 7s, 31, 5, 
1127,Australia  7s, Scotland 7s, 24, 12, 
1128,New Zealand  7s, Russia 7s, 24, 5, 
1129,England  7s, Tunisia 7s, 52, 0, 
1130,Fiji  7s, USA 7s, 43, 0, 
1131,Canada  7s, United Arab Emirates 7s, 36, 0, 
1132,Chinese Taipei  7s, Singapore 7s, 17, 0, 
1133,South Africa  7s, Scotland 7s, 12, 19, 
1134,France  7s, Kenya 7s, 31, 12, 
1135,Spain  7s, Japan 7s, 7, 12, 
1136,Spain  7s, Mexico 7s, 46, 0, 
1137,Australia  7s, Ireland 7s, 29, 0, 
1138,England  7s, Japan 7s, 31, 12, 
1139,Wales  7s, Russia 7s, 28, 7, 
1140,South Africa  7s, Japan 7s, 26, 0, 
1141,Scotland  7s, Russia 7s, 12, 17, 
1142,New Zealand  7s, Kenya 7s, , , 
1143,New Zealand  7s, Zimbabwe 7s, 59, 0, 
1144,Australia  7s, USA 7s, 19, 14, 
1145,Argentina  7s, France 7s, 5, 24, 
1146,Japan  7s, Canada 7s, 5, 21, 
1147,England  7s, Wales 7s, 26, 10, 
1148,Samoa  7s, Kenya 7s, 35, 12, 
1149,Fiji  7s, Canada 7s, 19, 10, 
1150,France  7s, Canada 7s, 26, 17, 
1151,Australia  7s, Kenya 7s, 41, 7, 
1152,Loser M19 Loser M20, , , 
1153,Scotland  7s, Papua New Guinea 7s, 26, 12, 
1154,Fiji  7s, Russia 7s, 24, 0, 
1155,Australia  7s, England 7s, 17, 12, 
1156,Portugal  7s, Russia 7s, 24, 7, 
1157,South Africa  7s, Uruguay 7s, 35, 0, 
1158,Canada  7s, Spain 7s, , , 
1159,France  7s, Japan 7s, , , 
1160,Fiji  7s, Australia 7s, , , 
1161,Australia  7s, Portugal 7s, 24, 5, 
1162,Samoa  7s, Wales 7s, 12, 17, 
1163,New Zealand  7s, France 7s, 31, 0, 
1164,Canada  7s, England 7s, 17, 5, 
1165,Samoa  7s, Australia 7s, 14, 12, 
1166,Fiji  7s, Brazil 7s, 31, 10, 
1167,Fiji  7s, Ireland 7s, 12, 19, 
1168,Canada  7s, Scotland 7s, 5, 52, 
1169,England  7s, Kenya 7s, 19, 12, 
1170,Portugal  7s, USA 7s, 26, 21, 
1171,Australia  7s, Scotland 7s, 24, 21, 
1172,New Zealand  7s, Fiji 7s, 33, 19, 
1173,France  7s, Ireland 7s, 24, 14, 
1174,Argentina  7s, Tonga 7s, 34, 12, 
1175,United Arab Emirates  7s, Zambia 7s, 26, 59, 
1176,South Africa  7s, England 7s, 26, 12, 
1177,South Africa  7s, France 7s, 12, 14, 
1178,Spain  7s, Kenya 7s, 24, 7, 
1179,England  7s, Hong Kong 7s, 38, 0, 
1180,USA  7s, New Zealand 7s, 14, 21, 
1181,South Africa  7s, Fiji 7s, 24, 19, 
1182,Loser M27 Loser M28, , , 
1183,Argentina  7s, United Arab Emirates 7s, 67, 0, 
1184,Fiji  7s, Australia 7s, 14, 24, 
1185,France  7s, Russia 7s, 10, 5, 
1186,England  7s, Australia 7s, 10, 31, 
1187,Scotland  7s, Wales 7s, 19, 21, 
1188,Fiji  7s, South Africa 7s, 12, 5, 
1189,South Africa  7s, Fiji 7s, 12, 7, 
1190,South Africa  7s, France 7s, 33, 14, 
1191,Japan  7s, Chile 7s, 19, 7, 
1192,Australia  7s, Japan 7s, 26, 5, 
1193,Fiji  7s, Canada 7s, 26, 14, 
1194,Samoa  7s, Canada 7s, 31, 5, 
1195,Brazil  7s, France 7s, 7, 33, 
1196,USA  7s, Chile 7s, 33, 19, 
1197,Australia  7s, Papua New Guinea 7s, 45, 7, 
